401,Additional,leyou LI,N,lord of the rings return of the king , witch king , Send forth all legions. Do not stop the attack until the city is taken. Slay them all.
402,Additional,leyou LI,N,lord of the rings return of the king , gothmog , What of the Wizard?
403,Additional,leyou LI,N,lord of the rings return of the king , witch king , I shall break him.
404,Additional,leyou LI,N,lord of the rings return of the king , soldier 1 , Where are Theoden's riders?
405,Additional,leyou LI,N,lord of the rings return of the king , soldier 2 , Will Rohan's army come?
406,Additional,leyou LI,N,lord of the rings return of the king , soldier 1 , Mithrandir?
407,Additional,leyou LI,N,lord of the rings return of the king , g an da lf , Courage is the best defence that you have now.
408,Additional,leyou LI,N,lord of the rings return of the king , pippin ," Here do I swear fealty and service to Gondor, in peace or war, in living or dying, from this hour henceforth, until my lord release me, or death take me."
409,Additional,leyou LI,N,lord of the rings return of the king , denethor ," And I shall not forget it, nor fail to reward that which is given ..."
410,Additional,leyou LI,N,lord of the rings return of the king , faramir , What would you have me do?
411,Additional,leyou LI,N,lord of the rings return of the king , denethor , I will not yield the River and Pelennor unfought - Osgiliath must be retaken.
412,Additional,leyou LI,Y,lord of the rings return of the king , faramir ," My Lord, Osgiliath is overrun."
413,Additional,leyou LI,Y,lord of the rings return of the king , denethor , Much must be risked in war. Is there a Captain here who still has the courage to do his Lord's will?
414,Additional,leyou LI,Y,lord of the rings return of the king , faramir ," You wish now that our places had been exchanged, that I had died and Boromir had lived?"
415,Additional,leyou LI,N,lord of the rings return of the king , denethor ," Yes, I wish that."
416,Additional,leyou LI,N,lord of the rings return of the king , faramir ," Since you are robbed of Boromir, I will do what I can in his stead."
417,Additional,leyou LI,Y,lord of the rings return of the king , denethor , That will depend on the manner of your return.
418,Additional,leyou LI,Y,lord of the rings return of the king , sam ," What are you up to? Sneaking off, are we?"
419,Additional,leyou LI,Y,lord of the rings return of the king , smeagol ," Sneaking? Sneaking? Fat Hobbit is always so polite. Smeagol shows them secret ways that nobody else could find and they say Sneak!, Sneak!. Very nice friends, oh yes, my Precious, very nice."
420,Additional,leyou LI,N,lord of the rings return of the king , sam ," Alright, alright - you just startled me is all. What were you doing?"
421,Additional,leyou LI,Y,lord of the rings return of the king , smeagol , Sneaking!
422,Additional,leyou LI,Y,lord of the rings return of the king , sam ," Fine, have it your own way."
423,Additional,leyou LI,N,lord of the rings return of the king , frodo . , It's dark still.
424,Additional,leyou LI,N,lord of the rings return of the king , sam , It's always dark here -
425,Additional,leyou LI,N,cinema paradiso , salvatore ," Don Ciccio, I've got an idea...You remember that old abandoned movie house where they're supposed to build those low-rent houses?"
426,Additional,leyou LI,N,cinema paradiso , spaccafico , So what's that got to do with it?
427,Additional,leyou LI,N,cinema paradiso , salvatore ," The projector's all rusty, but I could fix it in two or three days. Give the place a good cleaning, put in some seats and bring in a projectionist and we'll show Catene in two houses."
428,Additional,leyou LI,Y,cinema paradiso , spaccafico ," What the fuck you talking about? You getting into the act too, Toto? Titanus has trouble giving me even one copy and I have to say thanks! If I ask for two, the least they'll do is cut off my head and play ball with it!"
429,Additional,leyou LI,Y,cinema paradiso , salvatore , Who says we need two copies?
430,Additional,leyou LI,Y,cinema paradiso , usher , That's enough now! You've seen it ten times! I need the seats! I wish you'd all get the galloping runs!
431,Additional,leyou LI,Y,cinema paradiso , carabinieres ," Easy! Easy! Through the emergency exits, quick! Stop the jabbering!!"
432,Additional,leyou LI,N,cinema paradiso , salvatore , Now get running and bring me the first reel. Meanwhile I'll start showing the news!
433,Additional,leyou LI,N,cinema paradiso , boccia ," OK, Toto!"
434,Additional,leyou LI,N,cinema paradiso , spaccafico , Quick! Give it to me! Here's the first part. Get moving!
435,Additional,leyou LI,N,cinema paradiso , spaccafico ," Here you are! Quick, quick!! People are waiting!"
436,Additional,leyou LI,Y,cinema paradiso , audience ," Hey, when's it starting!! We've got ploughing to do in the morning!! Toto, get a move on!! Heeey!!"
437,Additional,leyou LI,N,cinema paradiso , carabiniere ," What are we going to do, Toto? The whole place here is up in arms. They've been waiting more than a half hour."
438,Additional,leyou LI,Y,cinema paradiso , salvatore , What can I do?
439,Additional,leyou LI,N,cinema paradiso , spaccafico , Where's the fucking bastard got to?
440,Additional,leyou LI,Y,cinema paradiso , spectator ," Let's get one thing straight, Don Ciccio! I'm waiting ten minutes more, and if you haven't started... you're giving me my money back!!"
441,Additional,leyou LI,Y,cinema paradiso , audience , Well said! Well said! We want our money back!!
442,Additional,leyou LI,N,cinema paradiso , spaccafico , Easy! Easy! What about my showing you the first part again? Huh?
443,Additional,leyou LI,Y,cinema paradiso , audience ," No! First part, my foot! We want to see how the story ends!!"
444,Additional,leyou LI,Y,cinema paradiso , pasquale , I've seen the whole works! You want me to tell you how it ends?
445,Additional,leyou LI,Y,cinema paradiso , audience ," Nooo! No! Shut up, you jerk!!"
446,Additional,leyou LI,N,godfather part ii , connie ," How are you, honey? You've met Merle, haven't you. He was with me in Vegas."
447,Additional,leyou LI,N,godfather part ii , michael , I saw him with you.
448,Additional,leyou LI,N,godfather part ii , connie , We're going to Europe next week. I want to get passage booked on the Queen.
449,Additional,leyou LI,Y,godfather part ii , michael , Why do you come to me? Why don't you go to a travel agent?
450,Additional,leyou LI,N,godfather part ii , merle , We're going to get married first.
451,Additional,leyou LI,Y,godfather part ii , michael ," The ink on your divorce isn't dry. Your children see you on weekends; your oldest boy, Michael Francis... was in some trouble with the Reno police over some petty theft that you don't even know about."
452,Additional,leyou LI,N,godfather part ii , connie , Michael...
453,Additional,leyou LI,Y,godfather part ii , michael ," You fly around the world with lazy young men who don't have any love for you, and use you like a whore."
454,Additional,leyou LI,Y,godfather part ii , connie , You're not my father!
455,Additional,leyou LI,Y,godfather part ii , michael , Then why do you come to me?
456,Additional,leyou LI,Y,godfather part ii , connie , Because I need MONEY!
457,Additional,leyou LI,Y,godfather part ii , michael ," Connie, I want to be reasonable with you. You have a house here, with us. You can live here with your kids...and you won't be deprived of anything. I don't know much about Merle; I don't know what he does for a living; what he lives on. Why don't you tell him marriage is really out of the question; and that you can't see him any more. He'll understand. But if you disobey me, and marry this pimp...it would disappoint me."
458,Additional,leyou LI,Y,godfather part ii , connie , It was my father's money; and I'm entitled to what I need. Where is Tom Hagen?
459,Additional,leyou LI,Y,godfather part ii , michael , Are you finished?
460,Additional,leyou LI,N,godfather part ii , merle , I think so.
461,Additional,leyou LI,Y,godfather part ii , michael , Then out.
462,Additional,leyou LI,Y,godfather part ii , michael , You were unfair with them.
463,Additional,leyou LI,Y,godfather part ii , pentangeli , Says who?
464,Additional,leyou LI,Y,godfather part ii , michael ," Clemenza promised Rosato three territories in the Bronx after he died, and then you took over and welched."
465,Additional,leyou LI,Y,godfather part ii , pentangeli ," Clemenza promised them nothing, he hated the sonsuvbitches."
466,Additional,leyou LI,Y,godfather part ii , michael , They feel cheated.
467,Additional,leyou LI,Y,godfather part ii , pentangeli ," Michael, you're sitting up here in the Sierra Mountains with champagne cocktails making judgment on the way I run my family."
468,Additional,leyou LI,Y,godfather part ii , michael ," Your family still carries the name Corleone, and you will run it like a Corleone!"
469,Additional,leyou LI,Y,godfather part ii , pentangeli ," And while I feed my family in New York, you put the knife in my back in Miami."
470,Additional,leyou LI,Y,godfather part ii , michael ," Frankie, you're a good old man, and you've been loyal to my Father for years...so I hope you can explain what you mean."
471,Additional,leyou LI,Y,godfather part ii , pentangeli ," The Rosatos are running crazy; taking hostages, spitting in my face, because they're backed by the Jew in Miami."
472,Additional,leyou LI,N,godfather part ii , michael , I know. That's why I want you to be fair with them.
473,Additional,leyou LI,Y,the king's speech , lionel , Why not paint him pink and cover him with sequins?
474,Additional,leyou LI,Y,the king's speech , cosmo lang , Pardon?!
475,Additional,leyou LI,Y,the king's speech , lionel , If you wish to call attention to his anxiety.
476,Additional,leyou LI,Y,the king's speech , cosmo lang , Does your bodyguard know to whom he's speaking? He certainly doesn't know his place!
477,Additional,leyou LI,N,the king's speech , bertie ," Doctor Lionel Logue, my speech therapist."
478,Additional,leyou LI,Y,the king's speech , cosmo lang , Therapist?! I'd no idea! Had I known Your Majesty was seeking assistance I would've made my own recommendation.
479,Additional,leyou LI,N,the king's speech , bertie , Dr. Logue is to be present at the Coronation.
480,Additional,leyou LI,Y,the king's speech , cosmo lang , Impossibly to find room. Even for a Doctor.
481,Additional,leyou LI,N,the king's speech , lionel , Just Lionel.
482,Additional,leyou LI,N,the king's speech , bertie , Behind the chair of Edward the Confessor.
483,Additional,leyou LI,Y,the king's speech , cosmo lang , The Royal Box!? Your Family will be seated there.
484,Additional,leyou LI,Y,the king's speech , bertie , Which makes it most suitable.
485,Additional,leyou LI,N,the king's speech , cosmo lang , Perhaps I might be able to add a very small stool.
486,Additional,leyou LI,N,the king's speech , bertie , Two comfortable chairs. One for Madam Logue. She's a close friend of my wife. The Queen.
487,Additional,leyou LI,N,the king's speech , cosmo lang , I'll have someone attend to it.
488,Additional,leyou LI,N,the king's speech , lionel ," And now, if you don't mind, we need the premises."
489,Additional,leyou LI,Y,the king's speech , cosmo lang ," My dear fellow, this is Westminster Abbey! The Church must make preparations."
490,Additional,leyou LI,Y,the king's speech , lionel , So must Bertie.
491,Additional,leyou LI,Y,the king's speech , cosmo lang , Bertie?! We do not call the King: Bertie!
492,Additional,leyou LI,Y,the king's speech , lionel , I do. During waking hours we'll need the facilities. It'll be a closed set. No observers.
493,Additional,leyou LI,N,the king's speech , bertie ," Those are my wishes, Your Grace."
494,Additional,leyou LI,Y,the king's speech , bertie , You've made a dangerous enemy.
495,Additional,leyou LI,Y,the king's speech , lionel , Wouldn't want him as a friend.
496,Additional,leyou LI,N,the king's speech , bertie , And don't ever call me Bertie in public.
497,Additional,leyou LI,N,the king's speech , lionel , Tell me...
498,Additional,leyou LI,N,the king's speech , bertie , I sense one of your dreadful questions on the horizon.
499,Additional,leyou LI,N,the king's speech , lionel , Do you really want to be King?
500,Additional,leyou LI,N,the king's speech , bertie , Knew it! I haven't any choice.
501,Additional,leyou LI,N,the king's speech , lionel ," You can be a wounded King who stumbles through his Coronation. Or, as the Arch of C so archly suggests, no Coronation at all. Always a choice."
502,Additional,leyou LI,Y,the king's speech , bertie ," What's this, you wait til Westminster Abbey, then ambush me?"
503,Additional,leyou LI,N,the king's speech , lionel , I'm simply asking questions... which you seem unable to answer.
504,Additional,leyou LI,Y,the king's speech , bertie , I'm a sacrificial lamb being led to slaughter! Damn you!
505,Additional,leyou LI,N,the king's speech , lionel , Quite possibly. But at least I know what I want. You haven't the foggiest.
601,Additional,xiaoxiaojing YANG,N, office space , peter ," Lawrence, can't you just pretend like we can't hear each other through the wall?"
602,Additional,xiaoxiaojing YANG,N, office space , lawrence ," Oh! I'm sorry man, is Anne over there or something?"
603,Additional,xiaoxiaojing YANG,N, office space , peter ," No! But if you just want to talk to me, just come over."
604,Additional,xiaoxiaojing YANG,N, office space , lawrence ," Hey man. Check this out, dude."
605,Additional,xiaoxiaojing YANG,N, office space , peter ," Oh geez, Lawrence."
606,Additional,xiaoxiaojing YANG,N, office space , lawrence ," I'm sorry, man. I thought you'd wanna see this. Doesn't this chick look like Anne?"
607,Additional,xiaoxiaojing YANG,N, office space , peter ," Yeah, a little bit."
608,Additional,xiaoxiaojing YANG,N, office space , lawrence ," Hey, she hasn't been over here in a while. You two still going out?"
609,Additional,xiaoxiaojing YANG,N, office space , peter ," I guess, yeah. I, I don't know. Sometimes I get the feeling that she's cheating on me."
610,Additional,xiaoxiaojing YANG,Y, office space , lawrence ," Yeah, I get that feeling too, man."
611,Additional,xiaoxiaojing YANG,Y, office space , peter , What do you mean by that?
612,Additional,xiaoxiaojing YANG,Y, office space , lawrence ," I don't know , man, I just get that feeling looking at her, like - I'm sorry, man. Look, I, I, I, I, I, I'm talking out of my ass. I don't know."
613,Additional,xiaoxiaojing YANG,N, office space , peter , It's ok. I just had a rough day.
614,Additional,xiaoxiaojing YANG,N, office space , lawrence ," Tell me about it, man. I gotta wake my ass up at six AM every day of this week and drag myself up to Vascalinas. Yeah, I'm doing the drywall up there at the new McDonalds."
615,Additional,xiaoxiaojing YANG,N, office space , peter ," Let me ask you something. When you come in on Mondays, and you're not feeling too well, does anybody ever come up to you and say sounds like someone's got a case of the Mondays?"
616,Additional,xiaoxiaojing YANG,N, office space , lawrence ," No. No, man, shit, no, man. I believe you get your ass kicked for sayin' something like that, man."
617,Additional,xiaoxiaojing YANG,N, office space , peter , Huh.
618,Additional,xiaoxiaojing YANG,N, office space , lawrence , We still going fishing this weekend?
619,Additional,xiaoxiaojing YANG,N, office space , peter , Nah. Lumbergh's gonna make me come in this Saturday. I know it.
620,Additional,xiaoxiaojing YANG,N, office space , lawrence ," Well, you can get out of that easily."
621,Additional,xiaoxiaojing YANG,N, office space , peter ," Yeah, how?"
622,Additional,xiaoxiaojing YANG,N, office space , lawrence ," Well, when you work on an Saturday, he generally asks you at the end of the day, right? So all you have to do is avoid him ? That's all right, i got one ? The last few hours of the day. And turn off your answering machine, you should be home free then."
623,Additional,xiaoxiaojing YANG,N, office space , peter ," That's a really good idea. Lawrence, what would you do if you had a million dollars?"
624,Additional,xiaoxiaojing YANG,N, office space , lawrence ," I'll tell you what I'll do, man--Two chicks at the same time."
625,Additional,xiaoxiaojing YANG,N, office space , peter ," That's it? If you had a million dollars, that's what you'd do, two chicks at the same time?"
626,Additional,xiaoxiaojing YANG,N, office space , lawrence ," Damn straight, man. I've always wanted to do that. I figure if I were a millionaire, I could hook that up. Chicks dig guys with money."
627,Additional,xiaoxiaojing YANG,N, office space , peter , Well not all chicks?.
628,Additional,xiaoxiaojing YANG,N, office space , lawrence ," Well, the type that double up on a guy like me do."
629,Additional,xiaoxiaojing YANG,N, office space , peter , Good point.
630,Additional,xiaoxiaojing YANG,N, office space , peter , Besides two chicks at the same time?
631,Additional,xiaoxiaojing YANG,N, office space , lawrence , Oh yeah.
632,Additional,xiaoxiaojing YANG,N, office space , peter , Nothing.
633,Additional,xiaoxiaojing YANG,N, office space , lawrence ," Nothing, huh?"
634,Additional,xiaoxiaojing YANG,N, office space , peter ," I would relax, I would sit on my ass all day, I would do nothing."
635,Additional,xiaoxiaojing YANG,N, office space , lawrence ," You don't need a million dollars to do nothing, man. Take a look at my cousin. He's broke and don't do shit."
636,Additional,xiaoxiaojing YANG,Y, rush hour , secretary of state ," ...North Koreans have gone ballistic, accusing us of botching the ransom drop on purpose."
637,Additional,xiaoxiaojing YANG,Y, rush hour , secretary of defense , They're still harping on that American plot nonsense.
638,Additional,xiaoxiaojing YANG,N, rush hour , president , Meaning?
639,Additional,xiaoxiaojing YANG,Y, rush hour , secretary of defense , They say the death of the Premier's niece and her family would justify immediate retaliation.
640,Additional,xiaoxiaojing YANG,Y, rush hour , president , Are they out of their fuckin' minds?! What kind of retaliation?
641,Additional,xiaoxiaojing YANG,Y, rush hour , cia chief , They're threatening to pull a Saddam Hussein: remember the Scuds he lobbed at Jerusalem during Desert Storm? They're talking about firing a missile into Los Angeles --
642,Additional,xiaoxiaojing YANG,Y, rush hour , president , -- A goddamn WHAT??
643,Additional,xiaoxiaojing YANG,N, rush hour , intelligence officer ," Best guess is an AS-15, medium-range cruise -- their version of our Tomahawk, launched from offshore."
644,Additional,xiaoxiaojing YANG,N, rush hour , secretary of defense ," The AS-15 is gyro-guided. It will find the city, but it's not too accurate beyond that."
645,Additional,xiaoxiaojing YANG,N, rush hour , vice president ," Still, for their purposes it's perfect: Hit somewhere in L.A., take out a city block or two..."
646,Additional,xiaoxiaojing YANG,Y, rush hour , secretary of state , To the eyes of the world it's a measured response -- like what Reagan did to Qaddafi. But actually striking at an American city would be a huge psychological victory for them.
647,Additional,xiaoxiaojing YANG,Y, rush hour , president ," I don't believe I'm hearing this! So if we know it's coming, we can knock it out of the fuckin' sky!"
648,Additional,xiaoxiaojing YANG,Y, rush hour , secretary of defense ," These weapons fly subsonically, below radar... we don't have the defenses in place... If we'd had the time to deploy a string of Patriot anti- missile batteries across the coast --"
649,Additional,xiaoxiaojing YANG,N, rush hour , president , -- You're saying we got all this lousy hardware and can't stop one goddamn missile??
650,Additional,xiaoxiaojing YANG,N, rush hour , president , I want an immediate search for all ships within range.
651,Additional,xiaoxiaojing YANG,N, rush hour , fbi chief ," We better inform the other leaders, stall on the Summit --"
652,Additional,xiaoxiaojing YANG,Y, rush hour , president , There's no reason to panic yet -- they can't launch until after the family's confirmed dead!
653,Additional,xiaoxiaojing YANG,Y, rush hour , cia chief , Afraid that's not the case...
654,Additional,xiaoxiaojing YANG,N, rush hour , intelligence officer ," The North Korean Premier holds what we call a Brinksman Switch. He's able to destroy a missile in flight, right up to the moment before it achieves its target."
655,Additional,xiaoxiaojing YANG,N, rush hour , cia chief , Our Op says they've timed their retaliation to hit right after 5:00.
656,Additional,xiaoxiaojing YANG,N, rush hour , fbi chief ," And if the family turns up okay, they'll just make it self-destruct."
657,Additional,xiaoxiaojing YANG,Y, rush hour , president , Shit! I really don't need this today!
658,Additional,xiaoxiaojing YANG,N, rush hour , vice president , We're forgetting one thing here: the family. Intelligence is sure the North will abort their attack if Mrs. Han and her kids are safely returned?
659,Additional,xiaoxiaojing YANG,N, rush hour , cia chief , Absolutely. Their whole game depends on claiming a legitimate provocation.
660,Additional,xiaoxiaojing YANG,N, rush hour , secretary of defense ," Still, we should let them know there'd be a response... if it comes to it."
661,Additional,xiaoxiaojing YANG,N, rush hour , president , I'd like to turn 'em into a radioactive parking lot.
662,Additional,xiaoxiaojing YANG,Y, rush hour , secretary of state ," That's the problem: we can't. We're the last superpower. Our hands are tied by politics, alliances, goddamn stacks of treaties... most we could do is give 'em a measured response back again, or everyone starts crying that we're the bullies."
663,Additional,xiaoxiaojing YANG,Y, rush hour , secretary of defense ," Damn, I miss the Cold War. Russians wouldn't have dreamt of pulling a stunt like this."
664,Additional,xiaoxiaojing YANG,Y, rush hour , president ," Believe me, the North drops one in my fuckin' city, I'm dropping ten in theirs. Get some bombers in the air. And don't tell me any more bad news!"
665,Additional,xiaoxiaojing YANG,N, sex and the city , carrie , Miranda was starting to see the upside of Alzheimer's.
666,Additional,xiaoxiaojing YANG,N, sex and the city , carrie , Wedding crunch time. We need to really get serious here.
667,Additional,xiaoxiaojing YANG,Y, sex and the city , big , Not now -- I just got an email from the the contractor -- they pushed our move-in date again -- and I have to --
668,Additional,xiaoxiaojing YANG,N, sex and the city , carrie , Nope. Wedding before contractor. Unless you're planning to invite him -- which would make the guest list two hundred and one.
669,Additional,xiaoxiaojing YANG,Y, sex and the city , big ," Two hundred? Jesus, Carrie -- it's gone up again?"
670,Additional,xiaoxiaojing YANG,N, sex and the city , carrie , Blame the New York Post and Vogue. Two publications that have never before been uttered in the same sentence.
671,Additional,xiaoxiaojing YANG,Y, sex and the city , big , You said: seventy-five people in a partitioned-off room.
672,Additional,xiaoxiaojing YANG,Y, sex and the city , carrie , It's the dress. How can I explain this? It's like poker -- The dress upped the ante.
673,Additional,xiaoxiaojing YANG,Y, sex and the city , big , Change the dress.
674,Additional,xiaoxiaojing YANG,Y, sex and the city , carrie ," No, no, no -- you haven't seen this dress. This dress may be the whole reason to get married. Well, you and the dress."
675,Additional,xiaoxiaojing YANG,N, sex and the city , carrie ," How are you coming with your vows? Just a reminder -- you are going to be saying these in front of a lot of people, so the pressure is on."
676,Additional,xiaoxiaojing YANG,N, sex and the city , big ," Up, up. I have to finish this. Up."
677,Additional,xiaoxiaojing YANG,N, sex and the city , carrie , Hey...
678,Additional,xiaoxiaojing YANG,Y, sex and the city , big , I don't have time for this.
679,Additional,xiaoxiaojing YANG,Y, sex and the city , carrie , This is our wedding and you're not taking it seriously.
680,Additional,xiaoxiaojing YANG,Y, sex and the city , big ," No, I'm not -- It's a circus! Two hundred people -- Page Six -- This is my third marriage -- how do you think it makes me look?"
681,Additional,xiaoxiaojing YANG,Y, sex and the city , carrie , I didn't know that was even an issue. Why didn't you say anything sooner?
682,Additional,xiaoxiaojing YANG,Y, sex and the city , big , You wanted all this.
683,Additional,xiaoxiaojing YANG,Y, sex and the city , carrie , But -- don't you want --
684,Additional,xiaoxiaojing YANG,N, sex and the city , big ," I want you, Carrie. That's what I want. I would have just gone down to city hall."
685,Additional,xiaoxiaojing YANG,N, sex and the city , carrie , I think it's too late for city hall now.
686,Additional,xiaoxiaojing YANG,N, sex and the city , big ," Well, no. I wasn't suggesting -- I was just saying."
687,Additional,xiaoxiaojing YANG,N, sex and the city , big , See. That is the face I've been trying to avoid. Come here.
688,Additional,xiaoxiaojing YANG,N, sex and the city , carrie , You're a great man friend.
689,Additional,xiaoxiaojing YANG,N, a few good men , kaffee , I have Markinson.
690,Additional,xiaoxiaojing YANG,N, a few good men , ross , Where is he?
691,Additional,xiaoxiaojing YANG,N, a few good men , kaffee , A motel room in Arlington with 14 Federal Marshals outside his door. Take a sip of your drink.
692,Additional,xiaoxiaojing YANG,N, a few good men , ross , Damn.
693,Additional,xiaoxiaojing YANG,Y, a few good men , kaffee ," The transfer order that Parkinson signed is phoney. And Jessep's statement that the six a.m. flight was the first available is a lie, we're checking the tower chief's log. But in the meantime I'm gonna put the Apostle Jon Kendrick on the stand and see if we can't have a little fun."
694,Additional,xiaoxiaojing YANG,Y, a few good men , ross ," I have an obligation to tell you that if you accuse Kendrick or Jessep of any crime without proper evidence, you'll be subject to Court-Martial for professional misconduct. And that's something that'll be stapled to every job application you ever fill out. Markinson's not gonna hold up, he's a crazy man. I'm not saying this to intimidate you. I'm being your lawyer."
695,Additional,xiaoxiaojing YANG,Y, a few good men , kaffee ," Thanks, Jack. And I wanna tell you that I think the whole fuckin' bunch of you are certifiably insane. And this code of honor of yours makes me wanna beat the shit outta something."
696,Additional,xiaoxiaojing YANG,Y, a few good men , ross ," Don't you dare lump me in with Jessep and Markinson and Kendrick because we wear the same uniform. I'm your friend, Danny, and I'm telling you, I don't think your clients belong in jail. But I don't get to make that decision. I represent the Government of the United States. Without passion or prejudice. And my client has a case. I want you to acknowledge that the judge advocate has made you aware of the possible consequences involved in accusing a marine officer of a felony without proper evidence."
697,Additional,xiaoxiaojing YANG,N, a few good men , kaffee , I've been so advised.
698,Additional,xiaoxiaojing YANG,Y, a few good men , ross ," You got bullied into that courtroom, Danny. By everyone. By Dawson, by Galloway, shit, I practically dared you. Not for a second have you believed you could win. You got bullied into that room by the memory of a dead lawyer."
699,Additional,xiaoxiaojing YANG,Y, a few good men , kaffee ," You're a lousy softball player, Jack."
700,Additional,xiaoxiaojing YANG,N, a few good men , ross , Your boys are going down. I can't stop it anymore.
701,Additional,xiaoxiaojing YANG,N, a few good men , kaffee ," Batter up, J.J."
702,Additional,xiaoxiaojing YANG,N, a few good men , kaffee ," Lt. Kendrick, in your opinion, was Private Santiago a good marine?"
703,Additional,xiaoxiaojing YANG,N, a few good men , kendrick , I'd say he was about average.
801,Additional,yijie LIU,N, office space , peter , What if we're still doing this when we're 50?
802,Additional,yijie LIU,N, office space , samir , It could be nice to have that kind of job security.
803,Additional,yijie LIU,N, office space , peter ," Lumbergh's gonna have me work on Saturday, I, I can tell already. I'm doing it because, because, uh, I'm a big pussy. Which is why I work at Initech to begin with."
804,Additional,yijie LIU,N, office space , michael ," Uh, I work at Initech and I don't consider myself a pussy, ok?"
805,Additional,yijie LIU,N, office space , samir ," Yes, I am also not a pussy."
806,Additional,yijie LIU,N, office space , michael , I'm gonna find out the hard way that I'm not a pussy if they don't start treating us software people better.
807,Additional,yijie LIU,N, office space , samir , That's right.
808,Additional,yijie LIU,N, office space , michael , They don't understand. I could come up with a program that could rip that place off big time big time.
809,Additional,yijie LIU,N, office space , peter , Yeah.
810,Additional,yijie LIU,N, office space , peter ," Oh, there she is."
811,Additional,yijie LIU,N, office space , samir ," Peter, you, you always talk about this girl. If you're so obsessed with her, why don't you just ask her out?"
812,Additional,yijie LIU,N, office space , peter ," Because I'm just another asshole customer. You can't just walk up to a waitress and ask her out. Plus, I'm still trying to work it out with Anne. Oh, that reminds me. I'm not going to be able to play poker with you guys on Friday."
813,Additional,yijie LIU,N, office space , michael , Why not?
814,Additional,yijie LIU,N, office space , peter ," Uh, I have to see this occupational hypnotherapist with Anne."
815,Additional,yijie LIU,N, office space , michael , Dude! An occupational hypnotherapist?!
816,Additional,yijie LIU,N, office space , peter ," Anne wants me to go. She thinks it might help. Y'know, sometimes I just think, I keep thinking that she's cheating on me."
817,Additional,yijie LIU,N, office space , michael , Yeah. I know what you mean.
818,Additional,yijie LIU,N, office space , samir , Yeah.
819,Additional,yijie LIU,N, office space , peter , What is that supposed to mean?
820,Additional,yijie LIU,Y, office space , michael , Nothing. Why don't you just tell Anne you're not into hypnosis and you want to play poker with us?
821,Additional,yijie LIU,N, office space , peter ," Ah, I can't do that. She might get all pissed off at me. Besides, I think the guy might be able to help. He did help Anne lose weight."
822,Additional,yijie LIU,N, office space , samir ," Peter, she's anorexic."
823,Additional,yijie LIU,N, office space , peter ," Yeah, I know. The guy's really good."
824,Additional,yijie LIU,N, office space , michael ," An occupational hypnotherapist isn't going to help you solve any of your problems. And speaking of problems, what's this I hear about you having problems with your TPS reports?"
825,Additional,yijie LIU,N, office space , samir , Yeah. Didn't you get that memo?
826,Additional,yijie LIU,N, rush hour , carson , We got one of the best sound guys right here in town... Newman in Audio Analysis...
827,Additional,yijie LIU,N, rush hour , dave , Newman's gone.
828,Additional,yijie LIU,N, rush hour , dave ," He quit, couple weeks ago. Opened a bed and breakfast in Wyoming."
829,Additional,yijie LIU,N, rush hour , dave , Damn... they get HBO? I'd sure like to see the fight tonight.
830,Additional,yijie LIU,N, rush hour , carson ," Get those tapes transferred to a sound guy. We need ambient and background analysis, the whole enchilada."
831,Additional,yijie LIU,Y, rush hour , dave , Enchilada -- you saying that because I'm Mexican?
832,Additional,yijie LIU,N, rush hour , carson , No... 'cause you're fat.
833,Additional,yijie LIU,N, rush hour , miranda , Photo enhancement... Isn't there some amazing tech with the LAPD --
834,Additional,yijie LIU,N, rush hour , dave , -- Bronsky. Transferred to Seattle PD a month ago.
835,Additional,yijie LIU,N, rush hour , carson , Jesus H. Christ...
836,Additional,yijie LIU,N, rush hour , sabatini , I'd send it to Langley. Let the CIA earn their keep.
837,Additional,yijie LIU,N, rush hour , carson , Do it.
838,Additional,yijie LIU,N, rush hour , miranda ," Given his behavior, this orange residue... I'd say Desoxyn, 25 mg. Amphetamines."
839,Additional,yijie LIU,N, rush hour , carson , Any significance?
840,Additional,yijie LIU,N, rush hour , miranda ," It's consistent with the lone wolf scenario: A handful of these is pure bravery-in-a-bottle, 'til the psychosis and paranoia kick in. We could check pharmacy records, on the remote chance he got them legally... if we had a couple of weeks, that is."
841,Additional,yijie LIU,N, rush hour , carson , Get the Bureau on it.
842,Additional,yijie LIU,N, rush hour , miranda , Forget it. It's a waste of manpower.
843,Additional,yijie LIU,Y, rush hour , carson ," Look, goddammit, you start skipping no-chance-in-hell leads, we can all quit and go to the beach right now."
844,Additional,yijie LIU,N, rush hour , carson , He grabbed the family at 8:30. The last certain visual we had was just before his van went into the alley on La Cienega at 8:42. He called the Consulate at 9:30.
845,Additional,yijie LIU,N, rush hour , miranda ," That gives him about fifty minutes to get to his location, move and secure the hostages, and activate his time bomb."
846,Additional,yijie LIU,N, rush hour , carson ," He probably waited a while to pad the time -- he wanted us know the family was still alive... ...So these crazy bastards wouldn't throw a premature shit hemorrhage, but he didn't want to call too soon, either. I say they're within 15 to 20 minutes, via surface streets, of where we last saw them."
847,Additional,yijie LIU,N, rush hour , miranda ," The most densely-populated part of the L.A. basin. This narrows it down to about 200,000 dwellings."
848,Additional,yijie LIU,N, rush hour , miranda , He was traveling west --
849,Additional,yijie LIU,N, rush hour , carson , -- Bet he doubled back.
850,Additional,yijie LIU,Y, rush hour , miranda ," C'mon, that's total conjecture --"
851,Additional,yijie LIU,N, rush hour , sabatini , -- I'd trust his instincts when dealing with maniacs. He is deeply disturbed.
852,Additional,yijie LIU,Y, rush hour , miranda , You're telling me?
853,Additional,yijie LIU,N, sex and the city , miranda , What's the matter? Steve.
854,Additional,yijie LIU,N, sex and the city , steve , -- I had sex with someone else.
855,Additional,yijie LIU,N, sex and the city , steve , -- And you are so amazing with Ma and everything... everything you do and I can't believe I would do that to you.
856,Additional,yijie LIU,Y, sex and the city , steve , You and I hadn't had sex in a really long time and I --
857,Additional,yijie LIU,Y, sex and the city , steve , It didn't mean anything -- It was just once... and it's been killing me.
858,Additional,yijie LIU,Y, sex and the city , miranda , It's killing you?!
859,Additional,yijie LIU,N, sex and the city , steve , It just happened... I wasn't thinking.
860,Additional,yijie LIU,Y, sex and the city , miranda , Do not follow me.
861,Additional,yijie LIU,N, sex and the city , carrie , Hi.
862,Additional,yijie LIU,N, sex and the city , miranda , Surprise -- Here we are!
863,Additional,yijie LIU,N, sex and the city , carrie ," Well, I'm so excited you are here for a sleepover."
864,Additional,yijie LIU,N, sex and the city , miranda , We are too. Aren't we B-boy?
865,Additional,yijie LIU,N, sex and the city , miranda , Here. Mommy has to go to the bathroom.
866,Additional,yijie LIU,N, sex and the city , carrie ," Brady, do you want to go have some peanut butter?"
867,Additional,yijie LIU,N, sex and the city , big , Peanut butter it is.
868,Additional,yijie LIU,N, sex and the city , miranda , Apparently you don't have sex for six months he runs out and has it with some girl at his bar.
869,Additional,yijie LIU,N, sex and the city , carrie , Steve. I can't believe it. Steve.
870,Additional,yijie LIU,N, sex and the city , miranda ," Steve. When I think of everything I've done for him. And this is how he repays me. Man, if I didn't have Brady, I would never go back there."
871,Additional,yijie LIU,N, sex and the city , carrie ," The next night, for the sake of Brady, Miranda went against her instincts and went home."
872,Additional,yijie LIU,N, sex and the city , steve ," Miranda, it's still me."
873,Additional,yijie LIU,Y, sex and the city , miranda , Is it?
874,Additional,yijie LIU,N, sex and the city , carrie , So Miranda left Brooklyn and came home... to Manhattan.
875,Additional,yijie LIU,N, sex and the city , miranda ," Yes, it's sad, but I'm not going to make it any sadder by staying at a bad hotel while I look for a place. Pass the salt."
876,Additional,yijie LIU,N, sex and the city , miranda ," Plus, I have to be downtown and close to Brooklyn. We're going to keep things as normal for Brady as we can. I'll pick him up on my days... take him over on Steve's."
877,Additional,yijie LIU,N, sex and the city , carrie , I don't know if this question is allowed -- but how is Steve handling this?
878,Additional,yijie LIU,N, sex and the city , miranda , Says he's devastated -- begs me to forgive him. Not going to happen. I can barely even look at him.
879,Additional,yijie LIU,N, sex and the city , charlotte , Steve -- I can't believe it.
880,Additional,yijie LIU,N, sex and the city , carrie , That's what I said.
881,Additional,yijie LIU,Y, a few good men , kaffee , Jesus fucking Christ!!--
882,Additional,yijie LIU,N, a few good men , markinson , You left the door unlocked.
883,Additional,yijie LIU,Y, a few good men , kaffee , Scared the shit outta me.
884,Additional,yijie LIU,N, a few good men , markinson , Drive.
885,Additional,yijie LIU,Y, a few good men , kaffee , Are you aware you're under subpoena?
886,Additional,yijie LIU,N, a few good men , markinson ," Yes. I'm also aware that the lives of two marines are in your hands. If there was something I could do about that, I would, but since I can't, all I can do is help you. Why don't you drive, Lieutenant."
887,Additional,yijie LIU,N, a few good men , kaffee , What do you know?
888,Additional,yijie LIU,N, a few good men , markinson , I know everything.
889,Additional,yijie LIU,N, a few good men , kaffee , Was it a code red?
890,Additional,yijie LIU,N, a few good men , markinson , Yes.
891,Additional,yijie LIU,N, a few good men , kaffee , Did Kendrick give the order?
892,Additional,yijie LIU,N, a few good men , markinson , Yes.
893,Additional,yijie LIU,N, a few good men , kaffee , Did you witness it?
894,Additional,yijie LIU,N, a few good men , markinson , I didn't need to --
895,Additional,yijie LIU,Y, a few good men , kaffee , Did you witness it?!
896,Additional,yijie LIU,N, a few good men , markinson , No.
897,Additional,yijie LIU,Y, a few good men , kaffee , Then how do you know?
898,Additional,yijie LIU,N, a few good men , markinson , I know.
899,Additional,yijie LIU,Y, a few good men , kaffee , You know shit.
900,Additional,yijie LIU,N, a few good men , markinson , He was never gonna be transferred off the base.
901,Additional,yijie LIU,N, a few good men , markinson , Jessep was going to keep him on the base. He said he wanted him trained.
902,Additional,yijie LIU,N, a few good men , kaffee , We've got the transfer order. It's got your signature.
903,Additional,yijie LIU,N, a few good men , markinson , I know. I signed it the morning you arrived in Cuba. Six days after Santiago died.
904,Additional,yijie LIU,N, a few good men , kaffee ," I'm gonna get you a deal. Some kind of immunity with the prosecutor. In about four days, you're gonna appear as a witness for the defense, and you're gonna tell the court exactly what you told me. Right now I'm gonna check you into a motel, and we're gonna start from the beginning."
905,Additional,yijie LIU,Y, a few good men , markinson , I don't want a deal. And I don't want immunity.
906,Additional,yijie LIU,Y, a few good men , markinson ," I want you to know, I'm proud neither of what I've done nor what I'm doing."
1,Exploration,"leyou LI, xiaojing YANG, yijie LIU",N, 10 things i hate about you , cameron , How many people go here?
2,Exploration,"leyou LI, xiaojing YANG, yijie LIU",N, 10 things i hate about you , michael , Couple thousand. Most of them evil
3,Exploration,"leyou LI, xiaojing YANG, yijie LIU",N, 10 things i hate about you , michael ," We've got your basic beautiful people. Unless they talk to you first, don't bother."
4,Exploration,"leyou LI, xiaojing YANG, yijie LIU",N, 10 things i hate about you , michael , Those 're your cowboys.
5,Exploration,"leyou LI, xiaojing YANG, yijie LIU",N, 10 things i hate about you , cameron , That I'm used to.
6,Exploration,"leyou LI, xiaojing YANG, yijie LIU",N, 10 things i hate about you , michael ," Yeah, but these guys have never seen a horse.  They just jack off to Clint Eastwood."
7,Exploration,"leyou LI, xiaojing YANG, yijie LIU",N, 10 things i hate about you , michael ," To the right, we have the Coffee Kids. Very edgy.  Don't make any sudden movements around them."
8,Exploration,"leyou LI, xiaojing YANG, yijie LIU",N, 10 things i hate about you , michael , And these delusionals are the White Rastae.
9,Exploration,"leyou LI, xiaojing YANG, yijie LIU",N, 10 things i hate about you , michael ," Big Marley fans.  Think they're black. Semi-political, but mostly, they watch a lot of Wild Kingdom, if you know what I mean."
10,Exploration,"leyou LI, xiaojing YANG, yijie LIU",N, 10 things i hate about you , michael ," Derek - save some for after lunch, bub?"
11,Exploration,"leyou LI, xiaojing YANG, yijie LIU",N, 10 things i hate about you , derek ," Michael, my brother, peace"
12,Exploration,"leyou LI, xiaojing YANG, yijie LIU",N, 10 things i hate about you , cameron , So where do you fit in all this?
13,Exploration,"leyou LI, xiaojing YANG, yijie LIU",N, 10 things i hate about you , michael ," Future MBAs-  We're all Ivy League, already accepted.  Someday I'll be sipping Merlot while those guys --"
14,Exploration,"leyou LI, xiaojing YANG, yijie LIU",N, 10 things i hate about you , michael ," are fixing my Saab.  Yuppie greed is back, my friend."
15,Exploration,"leyou LI, xiaojing YANG, yijie LIU",N, 10 things i hate about you , cameron , That girl -- I --
16,Exploration,"leyou LI, xiaojing YANG, yijie LIU",Y, 10 things i hate about you , michael ," You burn, you pine, you perish?"
17,Exploration,"leyou LI, xiaojing YANG, yijie LIU",N, 10 things i hate about you , cameron , Who is she?
18,Exploration,"leyou LI, xiaojing YANG, yijie LIU",Y, 10 things i hate about you , michael , Bianca Stratford.  Sophomore. Don't even think about it
19,Exploration,"leyou LI, xiaojing YANG, yijie LIU",N, 10 things i hate about you , cameron , Why not?
20,Exploration,"leyou LI, xiaojing YANG, yijie LIU",Y, 10 things i hate about you , michael ," I could start with your haircut, but it doesn't matter.  She's not allowed to date until her older sister does.  And that's an impossibility."
21,Exploration,"leyou LI, xiaojing YANG, yijie LIU",N, 1492: conquest of paradise , columbus ," Father, I am doing what I think is the best for him.  And he has the teacher I would have chosen for myself."
22,Exploration,"leyou LI, xiaojing YANG, yijie LIU",N, 1492: conquest of paradise , marchena , Just be careful you don't lose him.
23,Exploration,"leyou LI, xiaojing YANG, yijie LIU",N, 1492: conquest of paradise , marchena , I have something for you.
24,Exploration,"leyou LI, xiaojing YANG, yijie LIU",N, 1492: conquest of paradise , marchena , You will be heard at the University of Salamanca...
25,Exploration,"leyou LI, xiaojing YANG, yijie LIU",N, 1492: conquest of paradise , columbus , God... That's in a week!
26,Exploration,"leyou LI, xiaojing YANG, yijie LIU",N, 1492: conquest of paradise , marchena , That's what it says.
27,Exploration,"leyou LI, xiaojing YANG, yijie LIU",N, 1492: conquest of paradise , columbus , How did you manage it?
28,Exploration,"leyou LI, xiaojing YANG, yijie LIU",N, 1492: conquest of paradise , marchena , With some difficulty.  I had to promise them you were not a total fool.
29,Exploration,"leyou LI, xiaojing YANG, yijie LIU",N, 1492: conquest of paradise , marchena , Why do you wish to sail west?
30,Exploration,"leyou LI, xiaojing YANG, yijie LIU",N, 1492: conquest of paradise , columbus , To open a new route to Asia.  At the moment there are only two ways of reaching it...
31,Exploration,"leyou LI, xiaojing YANG, yijie LIU",N, 1492: conquest of paradise , columbus ," By sea, sailing around the African Continent -- the journey takes a year..."
32,Exploration,"leyou LI, xiaojing YANG, yijie LIU",N, 1492: conquest of paradise , columbus , Or by land...
33,Exploration,"leyou LI, xiaojing YANG, yijie LIU",N, 1492: conquest of paradise , columbus ," ... But the Turks have closed this route to all Christians.  Trading with the Orient has become arduous, if not dangerous.  There is a third way..."
34,Exploration,"leyou LI, xiaojing YANG, yijie LIU",N, 1492: conquest of paradise , columbus , By sailing West across the Ocean Sea.
35,Exploration,"leyou LI, xiaojing YANG, yijie LIU",Y, 1492: conquest of paradise , marchena , How can you be so certain?  The Ocean is said to be infinite.
36,Exploration,"leyou LI, xiaojing YANG, yijie LIU",Y, 1492: conquest of paradise , columbus , Ignorance!  I believe the Indies are no more than 750 leagues west of the Canary Islands.
37,Exploration,"leyou LI, xiaojing YANG, yijie LIU",Y, 1492: conquest of paradise , marchena , How can you be so certain?
38,Exploration,"leyou LI, xiaojing YANG, yijie LIU",N, 1492: conquest of paradise , columbus ," The calculations of Toscanelli Marin de Tyr, Esdras..."
39,Exploration,"leyou LI, xiaojing YANG, yijie LIU",Y, 1492: conquest of paradise , marchena , Esdras is a Jew.
40,Exploration,"leyou LI, xiaojing YANG, yijie LIU",Y, 1492: conquest of paradise , columbus , So was Christ!
41,Exploration,"leyou LI, xiaojing YANG, yijie LIU",Y, 1492: conquest of paradise , marchena ," Two minutes... and already you're a dead man.  Don't let passion overwhelm you, Colon."
42,Exploration,"leyou LI, xiaojing YANG, yijie LIU",Y, 1492: conquest of paradise , columbus ," I'll try to remember that, Marchena..."
43,Exploration,"leyou LI, xiaojing YANG, yijie LIU",Y, 1492: conquest of paradise , marchena , Father Marchena!
44,Exploration,"leyou LI, xiaojing YANG, yijie LIU",Y, 1492: conquest of paradise , columbus , Passion is something one cannot control!
45,Exploration,"leyou LI, xiaojing YANG, yijie LIU",Y, 1492: conquest of paradise , marchena , You get so carried away when you are being contradicted!
46,Exploration,"leyou LI, xiaojing YANG, yijie LIU",Y, 1492: conquest of paradise , columbus , I've been contradicted all my life... Eternity!
47,Exploration,"leyou LI, xiaojing YANG, yijie LIU",Y, 1492: conquest of paradise , marchena ," Only God knows the meaning of such words, my son."
48,Exploration,"leyou LI, xiaojing YANG, yijie LIU",N, 15 minutes , immigration officer ," Next.  Could I see your documents, please?"
49,Exploration,"leyou LI, xiaojing YANG, yijie LIU",N, 15 minutes , emil , Yes sir.
50,Exploration,"leyou LI, xiaojing YANG, yijie LIU",N, 15 minutes , immigration officer , What is your intended purpose of your visit to the United States?
51,Exploration,"leyou LI, xiaojing YANG, yijie LIU",N, 15 minutes , emil , Two weeks holiday.
52,Exploration,"leyou LI, xiaojing YANG, yijie LIU",N, 15 minutes , immigration officer , How much money are you carrying with you?
53,Exploration,"leyou LI, xiaojing YANG, yijie LIU",N, 15 minutes , emil , I have five-hundred dollars.
54,Exploration,"leyou LI, xiaojing YANG, yijie LIU",Y, 15 minutes , immigration officer ," Can you show me?  Sir, no cameras in the FIS area!"
55,Exploration,"leyou LI, xiaojing YANG, yijie LIU",N, 15 minutes , immigration officer , Is he with you?  Are you travelling together?
56,Exploration,"leyou LI, xiaojing YANG, yijie LIU",N, 15 minutes , emil , Yes.
57,Exploration,"leyou LI, xiaojing YANG, yijie LIU",N, 15 minutes , immigration officer , Please join us.  Come on forward.
58,Exploration,"leyou LI, xiaojing YANG, yijie LIU",N, 15 minutes , emil , Is there a problem?
59,Exploration,"leyou LI, xiaojing YANG, yijie LIU",N, 15 minutes , immigration officer ," No, you're travelling together.  I want to talk to you together.  Hi, how are you?  Can I take a look at your documents?  Are you related?"
60,Exploration,"leyou LI, xiaojing YANG, yijie LIU",N, 15 minutes , oleg , Yes...he's my friend.
61,Exploration,"leyou LI, xiaojing YANG, yijie LIU",N, 15 minutes , immigration officer , Okay.  You're a Czech national and you're a Russian national.  How do you know one another?
62,Exploration,"leyou LI, xiaojing YANG, yijie LIU",N, 15 minutes , emil , We are both from Prague.
63,Exploration,"leyou LI, xiaojing YANG, yijie LIU",N, 15 minutes , immigration officer , How long are you planning to stay?
64,Exploration,"leyou LI, xiaojing YANG, yijie LIU",N, 15 minutes , emil , Two weeks.
65,Exploration,"leyou LI, xiaojing YANG, yijie LIU",N, 15 minutes , immigration officer ," I'd like to speak for himself, okay?"
66,Exploration,"leyou LI, xiaojing YANG, yijie LIU",N, 15 minutes , emil , He doesn't speak English.
67,Exploration,"leyou LI, xiaojing YANG, yijie LIU",Y, 15 minutes , oleg , I speak English.
68,Exploration,"leyou LI, xiaojing YANG, yijie LIU",N, 8mm , cab driver , Where to?
69,Exploration,"leyou LI, xiaojing YANG, yijie LIU",N, 8mm , welles ," Follow that limousine.  Don't get too close, don't let it get too far away.  Just keep with it."
70,Exploration,"leyou LI, xiaojing YANG, yijie LIU",Y, 8mm , cab driver , You kidding?
71,Exploration,"leyou LI, xiaojing YANG, yijie LIU",N, 8mm , welles , Nope.
72,Exploration,"leyou LI, xiaojing YANG, yijie LIU",Y, 8mm , cab driver ," Uh, listen... you're not supposed to be smoking in here.  I'm sorry, that's company policy..."
73,Exploration,"leyou LI, xiaojing YANG, yijie LIU",N, 8mm , welles ," How about this... every cigarette I smoke, I give you five dollars?"
74,Exploration,"leyou LI, xiaojing YANG, yijie LIU",N, 8mm , cab driver ," Okay... okay, yeah, that'd be good..."
75,Exploration,"leyou LI, xiaojing YANG, yijie LIU",N, 8mm , older woman , Thank you.
76,Exploration,"leyou LI, xiaojing YANG, yijie LIU",N, 8mm , amy , Welcome home.
77,Exploration,"leyou LI, xiaojing YANG, yijie LIU",N, 8mm , welles , Do you know how much I missed you?
78,Exploration,"leyou LI, xiaojing YANG, yijie LIU",Y, 8mm , amy , What's this... have you been smoking... ?
79,Exploration,"leyou LI, xiaojing YANG, yijie LIU",N, 8mm , welles , Smoking?  I'm not smoking.
80,Exploration,"leyou LI, xiaojing YANG, yijie LIU",Y, 8mm , amy , Your clothing reeks of it.
81,Exploration,"leyou LI, xiaojing YANG, yijie LIU",Y, 8mm , welles ," You know, Amy, I've been sitting around in bars and everywhere following this guy... I mean, is this what I get first thing?  Before you even hello, you accuse me... ?"
82,Exploration,"leyou LI, xiaojing YANG, yijie LIU",N, 8mm , amy , I'm not accusing you...
83,Exploration,"leyou LI, xiaojing YANG, yijie LIU",N, 8mm , welles ," Well, I'm not smoking, okay?"
84,Exploration,"leyou LI, xiaojing YANG, yijie LIU",N, 8mm , amy ," Okay, I believe you."
85,Exploration,"leyou LI, xiaojing YANG, yijie LIU",N, 8mm , welles , We've been all through that.  I've been on my best behavior.
86,Exploration,"leyou LI, xiaojing YANG, yijie LIU",N, murderland , zach , Is that it ?
87,Exploration,"leyou LI, xiaojing YANG, yijie LIU",N, murderland , bruce ," Yeah, I'd say that's it."
88,Exploration,"leyou LI, xiaojing YANG, yijie LIU",N, murderland , johnny ," He has a phone pole sticking in his chest, I think we don't need an autopsy."
89,Exploration,"leyou LI, xiaojing YANG, yijie LIU",N, murderland , zach ," I'm just looking for our best interests. May I have the tapes, Bruce ?"
90,Exploration,"leyou LI, xiaojing YANG, yijie LIU",Y, murderland , bruce ," Doesn't it bother you to see this kind of brutal death ? I mean , I can understand the old man's infatuation with the stuff, but not you."
91,Exploration,"leyou LI, xiaojing YANG, yijie LIU",N, murderland , zach ," I'm an investment banker. I see blood bathes everyday. Besides, mine is not to question why, min is but to do or die."
92,Exploration,"leyou LI, xiaojing YANG, yijie LIU",Y, murderland , bruce , No one has a gun to your head.
93,Exploration,"leyou LI, xiaojing YANG, yijie LIU",N, murderland , zach , Might I suggest going a little easier on them ? It will prolong the end and our benefactor will be more pleased if we could elongate the inevitable.
94,Exploration,"leyou LI, xiaojing YANG, yijie LIU",Y, murderland , bruce ," Johnny, let's get the cleanup started."
95,Exploration,"leyou LI, xiaojing YANG, yijie LIU",N, murderland , johnny ," You've got it boss. One more mangled body to the East River, coming up !"
96,Exploration,"leyou LI, xiaojing YANG, yijie LIU",N, murderland , zach , I must be going. Gentlemen....
97,Exploration,"leyou LI, xiaojing YANG, yijie LIU",N, murderland , judy , So have you seen Simpson ?
98,Exploration,"leyou LI, xiaojing YANG, yijie LIU",N, murderland , saundra ," No, why ?"
99,Exploration,"leyou LI, xiaojing YANG, yijie LIU",N, murderland , judy , He missed a meeting this morning. Simpson hasn't missed a meeting in three years.
100,Exploration,"leyou LI, xiaojing YANG, yijie LIU",N, murderland , saundra , Maybe he had a better offer.
101,Exploration,"leyou LI, xiaojing YANG, yijie LIU",N, murderland , judy ," It doesn't matter much. There's such an incredible turnover here...  Be careful, major kiss ass approaching."
102,Exploration,"leyou LI, xiaojing YANG, yijie LIU",N, murderland , zach , Good morning.
103,Exploration,"leyou LI, xiaojing YANG, yijie LIU",N, murderland , saundra , Good morning.
104,Exploration,"leyou LI, xiaojing YANG, yijie LIU",N, murderland , zach , Did you see what the First Bank stock opened at ? Very impressive.
105,Exploration,"leyou LI, xiaojing YANG, yijie LIU",N, murderland , saundra ," Actually it's down .2 from the last quarters highest, but I think it will pick up."
